{"cameraMode":{"drawMode":0,"name":"Shaded","section":"Shading Mode"},"sceneLighting":true,"audioPlay":false,"sceneViewState":{"showFog":true,"showMaterialUpdate":false,"showSkybox":true,"showFlares":true,"showImageEffects":true,"showParticleSystems":true},"in2DMode":false,"pivot":{"x":2.1898183822631838,"y":3.173804521560669,"z":-9.022345542907715},"rotation":{"x":-0.1400316208600998,"y":0.36405184864997866,"z":0.055461585521698,"w":0.9191297292709351},"size":2.020829677581787,"orthographic":false}