{"cameraMode":{"drawMode":0,"name":"Shaded","section":"Shading Mode"},"sceneLighting":true,"audioPlay":false,"sceneViewState":{"showFog":true,"showMaterialUpdate":false,"showSkybox":true,"showFlares":true,"showImageEffects":true,"showParticleSystems":true},"in2DMode":false,"pivot":{"x":-22.66278648376465,"y":9.85036563873291,"z":-0.84490567445755},"rotation":{"x":0.15640492737293244,"y":0.4934982657432556,"z":-0.090731680393219,"w":0.8507816195487976},"size":5.695416450500488,"orthographic":false}