{"cameraMode":{"drawMode":0,"name":"Shaded","section":"Shading Mode"},"sceneLighting":true,"audioPlay":false,"sceneViewState":{"showFog":true,"showMaterialUpdate":true,"showSkybox":true,"showFlares":true,"showImageEffects":true,"showParticleSystems":true},"in2DMode":false,"pivot":{"x":33.11848068237305,"y":-186.67584228515626,"z":148.03794860839845},"rotation":{"x":-0.43446019291877749,"y":-0.18068796396255494,"z":0.08901188522577286,"w":-0.8782942891120911},"size":272.2821350097656,"orthographic":false}