{"cameraMode":{"drawMode":0,"name":"Shaded","section":"Shading Mode"},"sceneLighting":true,"audioPlay":false,"sceneViewState":{"showFog":true,"showMaterialUpdate":true,"showSkybox":true,"showFlares":true,"showImageEffects":true,"showParticleSystems":true},"in2DMode":false,"pivot":{"x":-61.14042663574219,"y":41.31938934326172,"z":1.7913508415222169},"rotation":{"x":0.16828076541423798,"y":0.6948835253715515,"z":-0.17187459766864777,"w":0.6784043312072754},"size":-3.6836013793945314,"orthographic":false}