{"cameraMode":{"drawMode":0,"name":"Shaded","section":"Shading Mode"},"sceneLighting":true,"audioPlay":false,"sceneViewState":{"showFog":true,"showMaterialUpdate":true,"showSkybox":true,"showFlares":true,"showImageEffects":true,"showParticleSystems":true},"in2DMode":false,"pivot":{"x":-3.504913330078125,"y":-81.623291015625,"z":-56.17918014526367},"rotation":{"x":0.2720685303211212,"y":-0.693713903427124,"z":0.32604044675827029,"w":0.582723081111908},"size":678.9934692382813,"orthographic":false}