{"cameraMode":{"drawMode":0,"name":"Shaded","section":"Shading Mode"},"sceneLighting":true,"audioPlay":false,"sceneViewState":{"showFog":true,"showMaterialUpdate":true,"showSkybox":true,"showFlares":true,"showImageEffects":true,"showParticleSystems":true},"in2DMode":false,"pivot":{"x":0.7907339930534363,"y":4.521810531616211,"z":-3.110468864440918},"rotation":{"x":0.005849769338965416,"y":-0.9824935793876648,"z":0.03381062671542168,"w":0.18534539639949799},"size":10.01874828338623,"orthographic":false}