{"cameraMode":{"drawMode":0,"name":"Shaded","section":"Shading Mode"},"sceneLighting":true,"audioPlay":false,"sceneViewState":{"showFog":true,"showMaterialUpdate":true,"showSkybox":true,"showFlares":true,"showImageEffects":true,"showParticleSystems":true},"in2DMode":false,"pivot":{"x":-19.18471336364746,"y":-329.1950988769531,"z":188.28839111328126},"rotation":{"x":-0.5038020610809326,"y":0.03677280619740486,"z":-0.02385880798101425,"w":-0.8633843660354614},"size":455.97308349609377,"orthographic":false}