{"cameraMode":{"drawMode":0,"name":"Shaded","section":"Shading Mode"},"sceneLighting":true,"audioPlay":false,"sceneViewState":{"showFog":true,"showMaterialUpdate":true,"showSkybox":true,"showFlares":true,"showImageEffects":true,"showParticleSystems":true},"in2DMode":false,"pivot":{"x":-20.220903396606447,"y":-9.547576904296875,"z":-33.86142349243164},"rotation":{"x":0.5446990728378296,"y":-0.30079981684684756,"z":0.21844452619552613,"w":0.7524334192276001},"size":144.6494140625,"orthographic":false}